clueweb12-0000tw-00-00000	France	<http://www.wikidata.org/entity/Q52376008>
clueweb12-0000tw-00-00002	Le	<http://www.wikidata.org/entity/Q1106225>
clueweb12-0000tw-00-00008	Slow Fade	<http://www.wikidata.org/entity/Q13632566>
clueweb12-0000tw-00-00008	Casting Crowns	<http://www.wikidata.org/entity/Q10318094>
clueweb12-0000tw-00-00009	Small World	<http://www.wikidata.org/entity/Q11772620>
clueweb12-0000tw-00-00009	Disney	<http://www.wikidata.org/entity/Q13573630>
clueweb12-0000tw-00-00009	Walt Disney World	<http://www.wikidata.org/entity/Q2019342>
clueweb12-0000tw-00-00009	Computer Progeammer World	<http://www.wikidata.org/entity/Q1122754>
clueweb12-0000tw-00-00009	Disney Princess	<http://www.wikidata.org/entity/Q1140303>
clueweb12-0000tw-00-00009	A Small World’	<http://www.wikidata.org/entity/Q16251971>
clueweb12-0000tw-00-00009	the World series	<http://www.wikidata.org/entity/Q22000793>
clueweb12-0000tw-00-00009	WDW	<http://www.wikidata.org/entity/Q20341802>
clueweb12-0000tw-00-00012	Zen Cart	<http://www.wikidata.org/entity/Q11255737>
clueweb12-0000tw-00-00017	the “Primary HIV Infection	<http://www.wikidata.org/entity/Q34525637>
clueweb12-0000tw-00-00017	Human Immunodeficiency Virus	<http://www.wikidata.org/entity/Q36186707>
clueweb12-0000tw-00-00017	Acquired Immune Deficiency Syndrome	<http://www.wikidata.org/entity/Q34991197>
clueweb12-0000tw-00-00017	Symptomatic HIV Infection	<http://www.wikidata.org/entity/Q12199>
clueweb12-0000tw-00-00018	Berlin	<http://www.wikidata.org/entity/Q13445115>
clueweb12-0000tw-00-00018	Berlin Patient	<http://www.wikidata.org/entity/Q1647793>
clueweb12-0000tw-00-00019	The United States	<http://www.wikidata.org/entity/Q16071431>
clueweb12-0000tw-00-00019	NIMH	<http://www.wikidata.org/entity/Q16515821>
clueweb12-0000tw-00-00019	State	<http://www.wikidata.org/entity/Q10885162>
clueweb12-0000tw-00-00019	Medicaid	<http://www.wikidata.org/entity/Q1141363>
clueweb12-0000tw-00-00019	CDC	<http://www.wikidata.org/entity/Q1126190>
clueweb12-0000tw-00-00019	Control and Prevention	<http://www.wikidata.org/entity/Q1485135>
clueweb12-0000tw-00-00019	Healthcare	<http://www.wikidata.org/entity/Q1497094>
clueweb12-0000tw-00-00019	the National Institute of Mental Health	<http://www.wikidata.org/entity/Q16515821>
clueweb12-0000tw-00-00019	outpatients clinics State	<http://www.wikidata.org/entity/Q24815633>
clueweb12-0000tw-00-00019	Healthcare	<http://www.wikidata.org/entity/Q1497094>
clueweb12-0000tw-00-00019	U.S.	<http://www.wikidata.org/entity/Q13219504>
clueweb12-0000tw-00-00020	Healthcare	<http://www.wikidata.org/entity/Q1497094>
clueweb12-0000tw-00-00020	Health Care Management Health	<http://www.wikidata.org/entity/Q21400279>
clueweb12-0000tw-00-00020	Healthcare Management	<http://www.wikidata.org/entity/Q15816807>
clueweb12-0000tw-00-00021	Health Care Center Health Care Center	<http://www.wikidata.org/entity/Q21400279>
clueweb12-0000tw-00-00022	California	<http://www.wikidata.org/entity/Q1006597>
clueweb12-0000tw-00-00022	Healthcare	<http://www.wikidata.org/entity/Q1497094>
clueweb12-0000tw-00-00022	Nurses Home health care jobs foster	<http://www.wikidata.org/entity/Q1430789>
clueweb12-0000tw-00-00022	Health Care Jobs 	<http://www.wikidata.org/entity/Q21400279>
clueweb12-0000tw-00-00023	Indemnity Corporation	<http://www.wikidata.org/entity/Q1616363>
clueweb12-0000tw-00-00023	Americans	<http://www.wikidata.org/entity/Q1130354>
clueweb12-0000tw-00-00024	Health Bill	<http://www.wikidata.org/entity/Q35059279>
clueweb12-0000tw-00-00024	the Kansas City Star	<http://www.wikidata.org/entity/Q1723915>
clueweb12-0000tw-00-00024	the United States	<http://www.wikidata.org/entity/Q16071431>
clueweb12-0000tw-00-00025	Baby Boomers	<http://www.wikidata.org/entity/Q53311103>
clueweb12-0000tw-00-00025	Health Care Technology 	<http://www.wikidata.org/entity/Q21400279>
clueweb12-0000tw-00-00025	The American Association of Retired Persons of	<http://www.wikidata.org/entity/Q27714710>
clueweb12-0000tw-00-00025	Health Care Technology	<http://www.wikidata.org/entity/Q21400279>
clueweb12-0000tw-00-00025	House	<http://www.wikidata.org/entity/Q1093592>
clueweb12-0000tw-00-00026	New Zealand	<http://www.wikidata.org/entity/Q12061703>
clueweb12-0000tw-00-00026	GP	<http://www.wikidata.org/entity/Q29642974>
clueweb12-0000tw-00-00026	New Zealand Ministry of Health	<http://www.wikidata.org/entity/Q16933991>
clueweb12-0000tw-00-00026	ACC	<http://www.wikidata.org/entity/Q226504>
clueweb12-0000tw-00-00026	Palliative Care Palliative Care 	<http://www.wikidata.org/entity/Q29642246>
clueweb12-0000tw-00-00026	The Palliative Care	<http://www.wikidata.org/entity/Q29642246>
clueweb12-0000tw-00-00027	United healthcare	<http://www.wikidata.org/entity/Q30269068>
clueweb12-0000tw-00-00027	United HealthCare	<http://www.wikidata.org/entity/Q30269068>
clueweb12-0000tw-00-00027	United Healthcare	<http://www.wikidata.org/entity/Q30269068>
clueweb12-0000tw-00-00027	United healthcare Dental	<http://www.wikidata.org/entity/Q21170031>
clueweb12-0000tw-00-00027	United HealthCare association	<http://www.wikidata.org/entity/Q30269068>
clueweb12-0000tw-00-00027	United healthcare	<http://www.wikidata.org/entity/Q30269068>
clueweb12-0000tw-00-00028	Estee Lauder	<http://www.wikidata.org/entity/Q1260606>
clueweb12-0000tw-00-00029	Primary Health Care	<http://www.wikidata.org/entity/Q21400279>
clueweb12-0000tw-00-00031	non-Hodgkin’s	<http://www.wikidata.org/entity/Q16878993>
clueweb12-0000tw-00-00045	FTW - YouTube Views	<http://www.wikidata.org/entity/P5436>
clueweb12-0000tw-00-00045	Macromedia Flash Player	<http://www.wikidata.org/entity/Q10322822>
clueweb12-0000tw-00-00045	JavaScript	<http://www.wikidata.org/entity/Q19858570>
clueweb12-0000tw-00-00045	the Fatal Error Network 	<http://www.wikidata.org/entity/Q16256334>
clueweb12-0000tw-00-00046	Safari	<http://www.wikidata.org/entity/Q11305053>
clueweb12-0000tw-00-00046	Central Alberta TV Live - A	<http://www.wikidata.org/entity/Q13425877>
clueweb12-0000tw-00-00046	WMV	<http://www.wikidata.org/entity/Q1353763>
clueweb12-0000tw-00-00046	MAC	<http://www.wikidata.org/entity/Q11880250>
clueweb12-0000tw-00-00046	FireFox	<http://www.wikidata.org/entity/Q1418932>
clueweb12-0000tw-00-00046	Central Alberta TV	<http://www.wikidata.org/entity/Q10376674>
clueweb12-0000tw-00-00046	Flip4Mac	<http://www.wikidata.org/entity/Q5459646>
clueweb12-0000tw-00-00046	ISP	<http://www.wikidata.org/entity/Q233427>
clueweb12-0000tw-00-00047	Prego	<http://www.wikidata.org/entity/Q10353556>
clueweb12-0000tw-00-00047	Italian	<http://www.wikidata.org/entity/Q15709559>
clueweb12-0000tw-00-00048	BBQ Chicken Sandwiches	<http://www.wikidata.org/entity/Q11190920>
clueweb12-0000tw-00-00049	Herbal Pizza & Pasta Magic	<http://www.wikidata.org/entity/Q1194143>
clueweb12-0000tw-00-00050	Basil	<http://www.wikidata.org/entity/Q20646250>
clueweb12-0000tw-00-00051	Coupons Grocery Gateway - Saving Money With Coupons	<http://www.wikidata.org/entity/Q20571793>
clueweb12-0000tw-00-00051	Costco	<http://www.wikidata.org/entity/Q29096881>
clueweb12-0000tw-00-00051	Advantage	<http://www.wikidata.org/entity/Q1265942>
clueweb12-0000tw-00-00051	Opening the Door to Savings Through Stockpiling	<http://www.wikidata.org/entity/Q28655591>
clueweb12-0000tw-00-00051	Gold Star	<http://www.wikidata.org/entity/Q16675272>
clueweb12-0000tw-00-00051	Costco	<http://www.wikidata.org/entity/Q29096881>
clueweb12-0000tw-00-00054	Sistem	<http://www.wikidata.org/entity/Q1654315>
clueweb12-0000tw-00-00054	Philippine	<http://www.wikidata.org/entity/Q1615750>
clueweb12-0000tw-00-00054	Oklahoma	<http://www.wikidata.org/entity/Q13027940>
clueweb12-0000tw-00-00054	Twitter	<http://www.wikidata.org/entity/Q248092>
clueweb12-0000tw-00-00054	the Ellen DeGeneres Show	<http://www.wikidata.org/entity/Q18157470>
clueweb12-0000tw-00-00054	E-Commerce	<http://www.wikidata.org/entity/Q12072279>
clueweb12-0000tw-00-00054	Kursi	<http://www.wikidata.org/entity/Q20305773>
clueweb12-0000tw-00-00054	Dua Square	<http://www.wikidata.org/entity/Q19737953>
clueweb12-0000tw-00-00054	Australian	<http://www.wikidata.org/entity/Q17016750>
clueweb12-0000tw-00-00054	H-1	<http://www.wikidata.org/entity/Q1086691>
clueweb12-0000tw-00-00054	Indonesian	<http://www.wikidata.org/entity/Q15754148>
clueweb12-0000tw-00-00054	Kartu Kredit dan Debit BCA	<http://www.wikidata.org/entity/Q1313648>
clueweb12-0000tw-00-00054	Marygops Marketing	<http://www.wikidata.org/entity/Q1047507>
clueweb12-0000tw-00-00054	Informasi data	<http://www.wikidata.org/entity/Q12473190>
clueweb12-0000tw-00-00054	Raising Hope	<http://www.wikidata.org/entity/Q15624102>
clueweb12-0000tw-00-00054	ABC World News	<http://www.wikidata.org/entity/Q27183775>
clueweb12-0000tw-00-00054	Dari tata	<http://www.wikidata.org/entity/Q178440>
clueweb12-0000tw-00-00054	Pembelian tiket dengan cicilan	<http://www.wikidata.org/entity/Q12481246>
clueweb12-0000tw-00-00054	Bila tersedia	<http://www.wikidata.org/entity/Q1580902>
clueweb12-0000tw-00-00054	LA Based	<http://www.wikidata.org/entity/Q22079533>
clueweb12-0000tw-00-00054	Pembayaran di outlet	<http://www.wikidata.org/entity/Q18155506>
clueweb12-0000tw-00-00054	Interscope Records	<http://www.wikidata.org/entity/Q231694>
clueweb12-0000tw-00-00054	Klik	<http://www.wikidata.org/entity/Q27560089>
clueweb12-0000tw-00-00054	melalui ATM BCA	<http://www.wikidata.org/entity/Q10930296>
clueweb12-0000tw-00-00054	Fox	<http://www.wikidata.org/entity/Q1440195>
clueweb12-0000tw-00-00054	Indonesia	<http://www.wikidata.org/entity/Q15758099>
clueweb12-0000tw-00-00054	Menjadi tiket	<http://www.wikidata.org/entity/Q19725483>
clueweb12-0000tw-00-00054	Jakarta	<http://www.wikidata.org/entity/Q12483998>
clueweb12-0000tw-00-00054	Paparazzi	<http://www.wikidata.org/entity/Q1025916>
clueweb12-0000tw-00-00054	Singapore	<http://www.wikidata.org/entity/Q30276503>
clueweb12-0000tw-00-00054	Dengan cicilan hanya	<http://www.wikidata.org/entity/Q17223704>
clueweb12-0000tw-00-00054	Waiting Outside the Lines	<http://www.wikidata.org/entity/Q21187335>
clueweb12-0000tw-00-00054	Dan kartu kredit yang asli sesuai dengan nama	<http://www.wikidata.org/entity/Q12481247>
clueweb12-0000tw-00-00054	Broken Hearts	<http://www.wikidata.org/entity/Q11344916>
clueweb12-0000tw-00-00054	Maka wajib membawa	<http://www.wikidata.org/entity/Q11498640>
clueweb12-0000tw-00-00054	Pembayaran cicilan	<http://www.wikidata.org/entity/Q67168653>
clueweb12-0000tw-00-00054	WIB	<http://www.wikidata.org/entity/Q22614286>
clueweb12-0000tw-00-00054	Los Angeles Times	<http://www.wikidata.org/entity/Q1726780>
clueweb12-0000tw-00-00054	Rajakarcis dan Panorama	<http://www.wikidata.org/entity/Q5198997>
clueweb12-0000tw-00-00054	Credit Card'	<http://www.wikidata.org/entity/Q1228562>
clueweb12-0000tw-00-00054	Tiket sesuai dengan	<http://www.wikidata.org/entity/Q12481246>
clueweb12-0000tw-00-00054	Pembayaran	<http://www.wikidata.org/entity/Q67168653>
clueweb12-0000tw-00-00054	Unfriend You”	<http://www.wikidata.org/entity/Q12742828>
clueweb12-0000tw-00-00054	Pembeli	<http://www.wikidata.org/entity/Q7161865>
clueweb12-0000tw-00-00054	Marygops Studios	<http://www.wikidata.org/entity/Q23755619>
clueweb12-0000tw-00-00054	Indonesia Tour	<http://www.wikidata.org/entity/Q2006622>
clueweb12-0000tw-00-00054	Yahoo	<http://www.wikidata.org/entity/Q13708795>
clueweb12-0000tw-00-00054	You Tube	<http://www.wikidata.org/entity/Q11224182>
clueweb12-0000tw-00-00054	Malaysia	<http://www.wikidata.org/entity/Q29406719>
clueweb12-0000tw-00-00054	Retail Outlet Panorama Tour	<http://www.wikidata.org/entity/Q1371823>
clueweb12-0000tw-00-00054	Asli	<http://www.wikidata.org/entity/Q12481193>
clueweb12-0000tw-00-00054	Kartu kredit	<http://www.wikidata.org/entity/Q1313648>
clueweb12-0000tw-00-00054	melalui RK Personal - Lalai	<http://www.wikidata.org/entity/Q12483140>
clueweb12-0000tw-00-00054	seperti biasa melalui RK Personal 	<http://www.wikidata.org/entity/Q12477446>
clueweb12-0000tw-00-00054	Asia	<http://www.wikidata.org/entity/Q17985627>
clueweb12-0000tw-00-00054	Rajakarcis Manggarai	<http://www.wikidata.org/entity/Q12496653>
clueweb12-0000tw-00-00054	Akan	<http://www.wikidata.org/entity/Q16148131>
clueweb12-0000tw-00-00054	Selamat pagi	<http://www.wikidata.org/entity/Q12513201>
clueweb12-0000tw-00-00054	melalui KlikBCA	<http://www.wikidata.org/entity/Q57588372>
clueweb12-0000tw-00-00054	Penyedia jasa	<http://www.wikidata.org/entity/Q12487405>
clueweb12-0000tw-00-00054	Kartu	<http://www.wikidata.org/entity/Q5792946>
clueweb12-0000tw-00-00054	Pembayaran	<http://www.wikidata.org/entity/Q67168653>
clueweb12-0000tw-00-00054	9 Februari dan	<http://www.wikidata.org/entity/Q10397275>
clueweb12-0000tw-00-00054	Pembayaran dengan kartu kredit	<http://www.wikidata.org/entity/Q23731007>
clueweb12-0000tw-00-00054	Kredit	<http://www.wikidata.org/entity/Q1313648>
clueweb12-0000tw-00-00054	Los Angeles	<http://www.wikidata.org/entity/Q47508825>
clueweb12-0000tw-00-00054	Hold On ‘Til the Night	<http://www.wikidata.org/entity/Q12124793>
clueweb12-0000tw-00-00054	The Huffington Post	<http://www.wikidata.org/entity/Q1634087>
clueweb12-0000tw-00-00054	Sesuai kartu	<http://www.wikidata.org/entity/Q5792946>
clueweb12-0000tw-00-00054	USA	<http://www.wikidata.org/entity/Q2195271>
clueweb12-0000tw-00-00054	melalui RK:Personal 	<http://www.wikidata.org/entity/Q57588372>
clueweb12-0000tw-00-00054	Klikbca dan Kartu Kredit	<http://www.wikidata.org/entity/Q1313648>
clueweb12-0000tw-00-00056	South Africa	<http://www.wikidata.org/entity/Q39543071>
clueweb12-0000tw-00-00056	Rhino Rescue Project	<http://www.wikidata.org/entity/Q1501478>
clueweb12-0000tw-00-00056	the Ueno Zoo	<http://www.wikidata.org/entity/Q1346914>
clueweb12-0000tw-00-00056	MSNBC	<http://www.wikidata.org/entity/Q13973>
clueweb12-0000tw-00-00056	Tokyo	<http://www.wikidata.org/entity/Q22043894>
clueweb12-0000tw-00-00056	the Rhino Rescue Project	<http://www.wikidata.org/entity/Q1501478>
clueweb12-0000tw-00-00057	FBI	<http://www.wikidata.org/entity/Q348858>
clueweb12-0000tw-00-00057	Office for the Southern District	<http://www.wikidata.org/entity/Q54641226>
clueweb12-0000tw-00-00057	Meanwell	<http://www.wikidata.org/entity/Q29378277>
clueweb12-0000tw-00-00057	New York	<http://www.wikidata.org/entity/Q16956464>
clueweb12-0000tw-00-00057	Cashman	<http://www.wikidata.org/entity/Q1047403>
clueweb12-0000tw-00-00057	the Daily News	<http://www.wikidata.org/entity/Q11441828>
clueweb12-0000tw-00-00057	Manhattan	<http://www.wikidata.org/entity/Q16252952>
clueweb12-0000tw-00-00057	U.S.	<http://www.wikidata.org/entity/Q13219504>
clueweb12-0000tw-00-00057	Post	<http://www.wikidata.org/entity/Q16670796>
clueweb12-0000tw-00-00057	British	<http://www.wikidata.org/entity/Q1196012>
clueweb12-0000tw-00-00057	Christian	<http://www.wikidata.org/entity/Q12305810>
clueweb12-0000tw-00-00057	Yankees	<http://www.wikidata.org/entity/Q1198860>
clueweb12-0000tw-00-00058	LIC	<http://www.wikidata.org/entity/Q11931913>
clueweb12-0000tw-00-00058	Italian	<http://www.wikidata.org/entity/Q15709559>
clueweb12-0000tw-00-00058	New York	<http://www.wikidata.org/entity/Q16956464>
clueweb12-0000tw-00-00058	the East Village	<http://www.wikidata.org/entity/Q1043326>
clueweb12-0000tw-00-00058	Toscano	<http://www.wikidata.org/entity/Q1208904>
clueweb12-0000tw-00-00058	Caputo	<http://www.wikidata.org/entity/Q1539978>
clueweb12-0000tw-00-00058	Albany	<http://www.wikidata.org/entity/Q1030207>
clueweb12-0000tw-00-00058	Rivington Street	<http://www.wikidata.org/entity/Q17019090>
clueweb12-0000tw-00-00058	Fed	<http://www.wikidata.org/entity/Q1344005>
clueweb12-0000tw-00-00058	Lunch & Dinner	<http://www.wikidata.org/entity/Q46415489>
clueweb12-0000tw-00-00058	Gothamist	<http://www.wikidata.org/entity/Q5587827>
clueweb12-0000tw-00-00058	Sauce	<http://www.wikidata.org/entity/Q1143727>
clueweb12-0000tw-00-00058	Sauce	<http://www.wikidata.org/entity/Q1143727>
clueweb12-0000tw-00-00059	the Upper West Side	<http://www.wikidata.org/entity/Q26670806>
clueweb12-0000tw-00-00059	New York Bay	<http://www.wikidata.org/entity/Q1190104>
clueweb12-0000tw-00-00059	New York	<http://www.wikidata.org/entity/Q16956464>
clueweb12-0000tw-00-00059	the Verrazano-Narrows Bridge	<http://www.wikidata.org/entity/Q14629027>
clueweb12-0000tw-00-00059	the East Coast	<http://www.wikidata.org/entity/Q1277782>
clueweb12-0000tw-00-00059	Brooklyn	<http://www.wikidata.org/entity/Q16954098>
clueweb12-0000tw-00-00059	the the NY Post	<http://www.wikidata.org/entity/Q1198574>
clueweb12-0000tw-00-00059	Gracie Mansion	<http://www.wikidata.org/entity/Q72854151>
clueweb12-0000tw-00-00059	the Central Park Zoo	<http://www.wikidata.org/entity/Q18148058>
clueweb12-0000tw-00-00059	Brighton Beach	<http://www.wikidata.org/entity/Q17512010>
clueweb12-0000tw-00-00059	Riis Landing	<http://www.wikidata.org/entity/Q16064183>
clueweb12-0000tw-00-00059	American	<http://www.wikidata.org/entity/Q30601943>
clueweb12-0000tw-00-00059	Facebook	<http://www.wikidata.org/entity/Q13422962>
clueweb12-0000tw-00-00059	New England	<http://www.wikidata.org/entity/Q11324644>
clueweb12-0000tw-00-00059	Inwood	<http://www.wikidata.org/entity/Q16871025>
clueweb12-0000tw-00-00059	Rockaway	<http://www.wikidata.org/entity/Q1087137>
clueweb12-0000tw-00-00059	Staten Island	<http://www.wikidata.org/entity/Q20538757>
clueweb12-0000tw-00-00060	Fox New York	<http://www.wikidata.org/entity/Q1540364>
clueweb12-0000tw-00-00060	New York	<http://www.wikidata.org/entity/Q16956464>
clueweb12-0000tw-00-00060	Twitter	<http://www.wikidata.org/entity/Q248092>
clueweb12-0000tw-00-00060	DA Cy Vance	<http://www.wikidata.org/entity/Q16254129>
clueweb12-0000tw-00-00060	East 67th Street	<http://www.wikidata.org/entity/Q15945512>
clueweb12-0000tw-00-00060	Marine	<http://www.wikidata.org/entity/Q20171605>
clueweb12-0000tw-00-00060	NYPD	<http://www.wikidata.org/entity/Q1218252>
clueweb12-0000tw-00-00060	Fox Five	<http://www.wikidata.org/entity/Q42464707>
clueweb12-0000tw-00-00061	the New York Public Interest Research Group	<http://www.wikidata.org/entity/Q43895301>
clueweb12-0000tw-00-00061	Augusta	<http://www.wikidata.org/entity/Q2065751>
clueweb12-0000tw-00-00061	Indian	<http://www.wikidata.org/entity/Q16246780>
clueweb12-0000tw-00-00061	Georgia	<http://www.wikidata.org/entity/Q1987828>
clueweb12-0000tw-00-00061	Public Citizen	<http://www.wikidata.org/entity/Q27717160>
clueweb12-0000tw-00-00061	the Nuclear Regulatory Commission	<http://www.wikidata.org/entity/Q1320326>
clueweb12-0000tw-00-00061	Fisher	<http://www.wikidata.org/entity/Q16216074>
clueweb12-0000tw-00-00061	New York City	<http://www.wikidata.org/entity/Q64154168>
clueweb12-0000tw-00-00061	Indian Point's	<http://www.wikidata.org/entity/Q40445865>
clueweb12-0000tw-00-00061	the Washington Post	<http://www.wikidata.org/entity/Q15040885>
clueweb12-0000tw-00-00061	CBS 880	<http://www.wikidata.org/entity/Q1447056>
clueweb12-0000tw-00-00061	Japan	<http://www.wikidata.org/entity/Q24055476>
clueweb12-0000tw-00-00062	Occupy Wall Street	<http://www.wikidata.org/entity/Q16248270>
clueweb12-0000tw-00-00062	Arts	<http://www.wikidata.org/entity/Q21505364>
clueweb12-0000tw-00-00062	Irving High School	<http://www.wikidata.org/entity/Q1673283>
clueweb12-0000tw-00-00062	Times	<http://www.wikidata.org/entity/Q10382549>
clueweb12-0000tw-00-00062	Academy for Scholarship and Entrepreneurship Brooklyn	<http://www.wikidata.org/entity/Q14706200>
clueweb12-0000tw-00-00062	School For Integrated Studies	<http://www.wikidata.org/entity/Q10338589>
clueweb12-0000tw-00-00062	Manhattan	<http://www.wikidata.org/entity/Q16252952>
clueweb12-0000tw-00-00062	Occupy	<http://www.wikidata.org/entity/Q1039889>
clueweb12-0000tw-00-00062	Theatre Lab High School	<http://www.wikidata.org/entity/Q42298626>
clueweb12-0000tw-00-00062	A College Board School	<http://www.wikidata.org/entity/Q1109023>
clueweb12-0000tw-00-00062	the Panel for Education Policy	<http://www.wikidata.org/entity/Q16985073>
clueweb12-0000tw-00-00062	Bloomberg	<http://www.wikidata.org/entity/Q13975>
clueweb12-0000tw-00-00062	Academy Of Business And Community Development	<http://www.wikidata.org/entity/Q12310238>
clueweb12-0000tw-00-00062	Brooklyn Tech	<http://www.wikidata.org/entity/Q16954098>
clueweb12-0000tw-00-00062	The Anna Gonzalez Community School	<http://www.wikidata.org/entity/Q16828709>
clueweb12-0000tw-00-00062	the Teachers Union	<http://www.wikidata.org/entity/Q12406835>
clueweb12-0000tw-00-00062	Staten Island	<http://www.wikidata.org/entity/Q20538757>
clueweb12-0000tw-00-00062	Occupy the Department of Education	<http://www.wikidata.org/entity/Q16955997>
clueweb12-0000tw-00-00062	Douglass Academy IV 	<http://www.wikidata.org/entity/Q15032107>
clueweb12-0000tw-00-00062	James Elementary School of Science International Arts Business School Satellite Three Middle School For	<http://www.wikidata.org/entity/Q12286407>
clueweb12-0000tw-00-00062	Bronx	<http://www.wikidata.org/entity/Q17670810>
clueweb12-0000tw-00-00063	Kindle Daily	<http://www.wikidata.org/entity/Q1175229>
clueweb12-0000tw-00-00063	Roman	<http://www.wikidata.org/entity/Q1254810>
clueweb12-0000tw-00-00063	Roman	<http://www.wikidata.org/entity/Q1254810>
clueweb12-0000tw-00-00063	Rome	<http://www.wikidata.org/entity/Q129169>
clueweb12-0000tw-00-00063	Madboy	<http://www.wikidata.org/entity/Q1883194>
clueweb12-0000tw-00-00063	Jerusalem	<http://www.wikidata.org/entity/Q19858746>
clueweb12-0000tw-00-00063	Romans	<http://www.wikidata.org/entity/Q18452477>
clueweb12-0000tw-00-00063	Levi	<http://www.wikidata.org/entity/Q20778260>
clueweb12-0000tw-00-00063	Imperilled	<http://www.wikidata.org/entity/Q36144120>
clueweb12-0000tw-00-00063	Kindle Daily Deal	<http://www.wikidata.org/entity/Q1175229>
clueweb12-0000tw-00-00063	Yavneh	<http://www.wikidata.org/entity/Q1684272>
clueweb12-0000tw-00-00063	Nechama	<http://www.wikidata.org/entity/Q12040503>
clueweb12-0000tw-00-00063	Book One	<http://www.wikidata.org/entity/Q10864040>
clueweb12-0000tw-00-00063	Kindle Nation	<http://www.wikidata.org/entity/Q1175229>
clueweb12-0000tw-00-00064	BESTSELLER	<http://www.wikidata.org/entity/Q11292759>
clueweb12-0000tw-00-00064	New York	<http://www.wikidata.org/entity/Q16956464>
clueweb12-0000tw-00-00064	An Unexpected Bride	<http://www.wikidata.org/entity/Q20005602>
clueweb12-0000tw-00-00064	Shadonna Richards	<http://www.wikidata.org/entity/Q20502818>
clueweb12-0000tw-00-00064	The Jilted Bride	<http://www.wikidata.org/entity/Q13461814>
clueweb12-0000tw-00-00064	The Bride Series	<http://www.wikidata.org/entity/Q118985>
clueweb12-0000tw-00-00064	Shadonna Richards	<http://www.wikidata.org/entity/Q20502818>
clueweb12-0000tw-00-00064	KINDLE NATION DAILY	<http://www.wikidata.org/entity/Q1175229>
clueweb12-0000tw-00-00065	the Kindle Store	<http://www.wikidata.org/entity/Q1175229>
clueweb12-0000tw-00-00065	Virginia beach	<http://www.wikidata.org/entity/Q16878679>
clueweb12-0000tw-00-00065	Winner of the Dragonfly eBook Awards	<http://www.wikidata.org/entity/Q20427091>
clueweb12-0000tw-00-00065	Times	<http://www.wikidata.org/entity/Q10382549>
clueweb12-0000tw-00-00065	NY Times	<http://www.wikidata.org/entity/P3221>
clueweb12-0000tw-00-00065	Richmond	<http://www.wikidata.org/entity/Q20488022>
clueweb12-0000tw-00-00065	US	<http://www.wikidata.org/entity/Q11252141>
clueweb12-0000tw-00-00065	Amazon.com	<http://www.wikidata.org/entity/Q17669062>
clueweb12-0000tw-00-00065	Truly	<http://www.wikidata.org/entity/Q10705294>
clueweb12-0000tw-00-00065	India	<http://www.wikidata.org/entity/Q16939137>
clueweb12-0000tw-00-00065	Amazon	<http://www.wikidata.org/entity/Q15439204>
clueweb12-0000tw-00-00065	South African	<http://www.wikidata.org/entity/Q24051721>
clueweb12-0000tw-00-00065	Midwest	<http://www.wikidata.org/entity/Q1028671>
clueweb12-0000tw-00-00065	Florida Times-Union 	<http://www.wikidata.org/entity/Q3520924>
clueweb12-0000tw-00-00065	the WritersType First Chapter Competition	<http://www.wikidata.org/entity/Q16884498>
clueweb12-0000tw-00-00065	CIA	<http://www.wikidata.org/entity/Q11308945>
clueweb12-0000tw-00-00066	the Kindle Store	<http://www.wikidata.org/entity/Q1175229>
clueweb12-0000tw-00-00066	Winner of the Dragonfly eBook Awards	<http://www.wikidata.org/entity/Q20427091>
clueweb12-0000tw-00-00066	NY Times	<http://www.wikidata.org/entity/P3221>
clueweb12-0000tw-00-00066	US	<http://www.wikidata.org/entity/Q11252141>
clueweb12-0000tw-00-00066	Amazon.com	<http://www.wikidata.org/entity/Q17669062>
clueweb12-0000tw-00-00066	India	<http://www.wikidata.org/entity/Q16939137>
clueweb12-0000tw-00-00066	Amazon	<http://www.wikidata.org/entity/Q15439204>
clueweb12-0000tw-00-00066	Midwest	<http://www.wikidata.org/entity/Q1028671>
clueweb12-0000tw-00-00066	the WritersType First Chapter Competition	<http://www.wikidata.org/entity/Q16884498>
clueweb12-0000tw-00-00067	Richmond	<http://www.wikidata.org/entity/Q20488022>
clueweb12-0000tw-00-00067	US	<http://www.wikidata.org/entity/Q11252141>
clueweb12-0000tw-00-00067	the Kindle Store	<http://www.wikidata.org/entity/Q1175229>
clueweb12-0000tw-00-00067	Amazon.com	<http://www.wikidata.org/entity/Q17669062>
clueweb12-0000tw-00-00067	South Carolina	<http://www.wikidata.org/entity/Q27713373>
clueweb12-0000tw-00-00067	Amazon	<http://www.wikidata.org/entity/Q15439204>
clueweb12-0000tw-00-00067	Edgemont	<http://www.wikidata.org/entity/Q1220227>
clueweb12-0000tw-00-00069	Craft	<http://www.wikidata.org/entity/Q1187884>
clueweb12-0000tw-00-00069	Wiccans	<http://www.wikidata.org/entity/Q13250021>
clueweb12-0000tw-00-00069	MagickSchool2012,we	<http://www.wikidata.org/entity/Q14686897>
clueweb12-0000tw-00-00069	Dark Magick	<http://www.wikidata.org/entity/Q11856495>
clueweb12-0000tw-00-00069	Magick School	<http://www.wikidata.org/entity/Q11856495>
clueweb12-0000tw-00-00070	Rock Paper Shotgun	<http://www.wikidata.org/entity/Q15910304>
clueweb12-0000tw-00-00070	UK	<http://www.wikidata.org/entity/Q1330725>
clueweb12-0000tw-00-00070	PAX	<http://www.wikidata.org/entity/Q1132674>
clueweb12-0000tw-00-00070	Total War	<http://www.wikidata.org/entity/Q13580809>
clueweb12-0000tw-00-00070	Xbox World	<http://www.wikidata.org/entity/Q10721855>
clueweb12-0000tw-00-00070	Piki Geek	<http://www.wikidata.org/entity/Q20492815>
clueweb12-0000tw-00-00070	Sony Worldwide Studios	<http://www.wikidata.org/entity/Q1040450>
clueweb12-0000tw-00-00070	GameSpot	<http://www.wikidata.org/entity/P5494>
clueweb12-0000tw-00-00070	the New York Times	<http://www.wikidata.org/entity/Q3028269>
clueweb12-0000tw-00-00070	Montreal	<http://www.wikidata.org/entity/Q1000691>
clueweb12-0000tw-00-00070	TIGA	<http://www.wikidata.org/entity/Q21362298>
clueweb12-0000tw-00-00070	Mass Effect	<http://www.wikidata.org/entity/Q16572370>
clueweb12-0000tw-00-00070	The Independent Game Developers’ Association	<http://www.wikidata.org/entity/Q1154933>
clueweb12-0000tw-00-00070	Xbox	<http://www.wikidata.org/entity/Q10721855>
clueweb12-0000tw-00-00070	Sony	<http://www.wikidata.org/entity/Q17315788>
clueweb12-0000tw-00-00070	US	<http://www.wikidata.org/entity/Q11252141>
clueweb12-0000tw-00-00070	Adobe	<http://www.wikidata.org/entity/Q11463>
clueweb12-0000tw-00-00070	China	<http://www.wikidata.org/entity/Q13837230>
clueweb12-0000tw-00-00070	the Wii U.	<http://www.wikidata.org/entity/Q10393557>
clueweb12-0000tw-00-00070	the PS Vita	<http://www.wikidata.org/entity/Q16590984>
clueweb12-0000tw-00-00070	the Wii U	<http://www.wikidata.org/entity/Q10393557>
clueweb12-0000tw-00-00070	Shadow of the Colossus	<http://www.wikidata.org/entity/Q27076280>
clueweb12-0000tw-00-00070	SpikySnail Games	<http://www.wikidata.org/entity/Q1493102>
clueweb12-0000tw-00-00070	CVG	<http://www.wikidata.org/entity/Q21534008>
clueweb12-0000tw-00-00070	Flipping Out	<http://www.wikidata.org/entity/Q3057682>
clueweb12-0000tw-00-00070	The Dark Descent	<http://www.wikidata.org/entity/Q1200534>
clueweb12-0000tw-00-00070	Netflix	<http://www.wikidata.org/entity/P1874>
clueweb12-0000tw-00-00070	Suda	<http://www.wikidata.org/entity/Q26157629>
clueweb12-0000tw-00-00070	the Last Guardian	<http://www.wikidata.org/entity/Q16513975>
clueweb12-0000tw-00-00071	Pikimal	<http://www.wikidata.org/entity/Q7193682>
clueweb12-0000tw-00-00071	GPS	<http://www.wikidata.org/entity/Q15903792>
clueweb12-0000tw-00-00071	Pikimal	<http://www.wikidata.org/entity/Q7193682>
clueweb12-0000tw-00-00071	HDMI	<http://www.wikidata.org/entity/Q15818902>
clueweb12-0000tw-00-00071	Kinde	<http://www.wikidata.org/entity/Q11871583>
clueweb12-0000tw-00-00071	Microsoft	<http://www.wikidata.org/entity/Q1176811>
clueweb12-0000tw-00-00071	Twitter	<http://www.wikidata.org/entity/Q248092>
clueweb12-0000tw-00-00071	eReader	<http://www.wikidata.org/entity/Q17104602>
clueweb12-0000tw-00-00071	Xbox	<http://www.wikidata.org/entity/Q10721855>
clueweb12-0000tw-00-00071	Thunderdome	<http://www.wikidata.org/entity/Q1083376>
clueweb12-0000tw-00-00071	360s	<http://www.wikidata.org/entity/Q15625675>
clueweb12-0000tw-00-00071	Amazon	<http://www.wikidata.org/entity/Q15439204>
clueweb12-0000tw-00-00071	Murphy	<http://www.wikidata.org/entity/Q1431476>
clueweb12-0000tw-00-00071	Nook	<http://www.wikidata.org/entity/Q20489271>
clueweb12-0000tw-00-00072	Piki Eat	<http://www.wikidata.org/entity/Q20310239>
clueweb12-0000tw-00-00072	Pikimal	<http://www.wikidata.org/entity/Q7193682>
clueweb12-0000tw-00-00072	Foodie	<http://www.wikidata.org/entity/Q1435960>
clueweb12-0000tw-00-00072	Piki Parenting	<http://www.wikidata.org/entity/Q20310239>
clueweb12-0000tw-00-00072	Piki Geek	<http://www.wikidata.org/entity/Q20492815>
clueweb12-0000tw-00-00072	Piki	<http://www.wikidata.org/entity/Q20310239>
clueweb12-0000tw-00-00073	UFC	<http://www.wikidata.org/entity/Q15897229>
clueweb12-0000tw-00-00073	Drake’s Deception Add	<http://www.wikidata.org/entity/Q1467237>
clueweb12-0000tw-00-00073	PS one Classics Final Fantasy V 	<http://www.wikidata.org/entity/Q1415970>
clueweb12-0000tw-00-00073	Italian	<http://www.wikidata.org/entity/Q15709559>
clueweb12-0000tw-00-00073	Qore	<http://www.wikidata.org/entity/Q175784>
clueweb12-0000tw-00-00073	World Invitational Game Video	<http://www.wikidata.org/entity/Q16267403>
clueweb12-0000tw-00-00073	Caribbean	<http://www.wikidata.org/entity/Q1163260>
clueweb12-0000tw-00-00073	PlayStation Plus	<http://www.wikidata.org/entity/Q1223318>
clueweb12-0000tw-00-00073	The Simpsons Arcade Game	<http://www.wikidata.org/entity/Q1139044>
clueweb12-0000tw-00-00073	Journey Music Trailer Warlords: How To Play Trailer Part 1 Warlords: How To Play Trailer Part	<http://www.wikidata.org/entity/Q216146>
clueweb12-0000tw-00-00073	Noel’s Outfit	<http://www.wikidata.org/entity/Q1071976>
clueweb12-0000tw-00-00073	The Simpsons Arcade Game Minis Hungry Giraffe	<http://www.wikidata.org/entity/Q1139044>
clueweb12-0000tw-00-00073	The House Of The Dead III Exclusive Playstation Plus Demo Media 	<http://www.wikidata.org/entity/Q11309412>
clueweb12-0000tw-00-00073	Anything With An Engine Demo Cubixx HD Demo Gotham City Impostors Demo Add-ons	<http://www.wikidata.org/entity/Q12328063>
clueweb12-0000tw-00-00073	Reckoning – Finesse Bonus Pack	<http://www.wikidata.org/entity/Q2483021>
clueweb12-0000tw-00-00073	PSN	<http://www.wikidata.org/entity/Q16621840>
clueweb12-0000tw-00-00073	Final Fantasy	<http://www.wikidata.org/entity/Q12391356>
clueweb12-0000tw-00-00073	Sorcery Bonus Pack	<http://www.wikidata.org/entity/Q18215995>
clueweb12-0000tw-00-00073	Gotham City Impostors	<http://www.wikidata.org/entity/Q15940728>
clueweb12-0000tw-00-00073	The Tester Season 3 Episode	<http://www.wikidata.org/entity/Q54380665>
clueweb12-0000tw-00-00073	The Simpsons Arcade Game	<http://www.wikidata.org/entity/Q1139044>
clueweb12-0000tw-00-00073	The King Of Fighters XIII Unlock Gallery	<http://www.wikidata.org/entity/Q10335426>
clueweb12-0000tw-00-00073	Final Fantasy XIII-2’s	<http://www.wikidata.org/entity/Q1416043>
clueweb12-0000tw-00-00074	Battle.net	<http://www.wikidata.org/entity/Q60526673>
clueweb12-0000tw-00-00074	Dota	<http://www.wikidata.org/entity/Q1935243>
clueweb12-0000tw-00-00074	Program	<http://www.wikidata.org/entity/Q152215>
clueweb12-0000tw-00-00074	RTS	<http://www.wikidata.org/entity/Q12799709>
clueweb12-0000tw-00-00074	DOTA	<http://www.wikidata.org/entity/Q1935243>
clueweb12-0000tw-00-00074	Icefrog	<http://www.wikidata.org/entity/Q3456319>
clueweb12-0000tw-00-00074	Blizzard	<http://www.wikidata.org/entity/Q15126824>
clueweb12-0000tw-00-00074	Blizzard	<http://www.wikidata.org/entity/Q15126824>
clueweb12-0000tw-00-00074	Warcraft III	<http://www.wikidata.org/entity/Q13515630>
clueweb12-0000tw-00-00074	Warcraft 3	<http://www.wikidata.org/entity/Q131007>
clueweb12-0000tw-00-00074	EULA	<http://www.wikidata.org/entity/Q1373691>
clueweb12-0000tw-00-00074	Starcraft	<http://www.wikidata.org/entity/Q1414826>
clueweb12-0000tw-00-00074	Dota 2″	<http://www.wikidata.org/entity/Q19600345>
clueweb12-0000tw-00-00074	Ancients	<http://www.wikidata.org/entity/Q3985650>
clueweb12-0000tw-00-00074	Defense of the Ancients	<http://www.wikidata.org/entity/Q215936>
clueweb12-0000tw-00-00074	Defense of the Anicents	<http://www.wikidata.org/entity/Q16132355>
clueweb12-0000tw-00-00074	Valve	<http://www.wikidata.org/entity/Q1162662>
clueweb12-0000tw-00-00075	Rock Paper Shotgun	<http://www.wikidata.org/entity/Q15910304>
clueweb12-0000tw-00-00075	The Dark Descent	<http://www.wikidata.org/entity/Q1200534>
clueweb12-0000tw-00-00075	China	<http://www.wikidata.org/entity/Q13837230>
clueweb12-0000tw-00-00077	Krogan Solider	<http://www.wikidata.org/entity/Q28450952>
clueweb12-0000tw-00-00077	Renegade	<http://www.wikidata.org/entity/Q1423145>
clueweb12-0000tw-00-00077	Quarian Engineer	<http://www.wikidata.org/entity/Q11291339>
clueweb12-0000tw-00-00077	Mass Effect	<http://www.wikidata.org/entity/Q16572370>
clueweb12-0000tw-00-00077	Turian Sentinel	<http://www.wikidata.org/entity/Q2059251>
clueweb12-0000tw-00-00077	Co-Op Multiplayer	<http://www.wikidata.org/entity/Q26304436>
clueweb12-0000tw-00-00077	ME3	<http://www.wikidata.org/entity/Q15040513>
clueweb12-0000tw-00-00079	Twitter	<http://www.wikidata.org/entity/Q248092>
clueweb12-0000tw-00-00079	Twitter	<http://www.wikidata.org/entity/Q248092>
clueweb12-0000tw-00-00080	Crazy Egg	<http://www.wikidata.org/entity/Q10846722>
clueweb12-0000tw-00-00080	Graphic Designer	<http://www.wikidata.org/entity/Q13425511>
clueweb12-0000tw-00-00080	Invoice	<http://www.wikidata.org/entity/Q190581>
clueweb12-0000tw-00-00080	Bronto	<http://www.wikidata.org/entity/Q12360442>
clueweb12-0000tw-00-00080	Blue	<http://www.wikidata.org/entity/Q16155226>
clueweb12-0000tw-00-00080	Adobe	<http://www.wikidata.org/entity/Q11463>
clueweb12-0000tw-00-00080	The Power of Color 	<http://www.wikidata.org/entity/Q143579>
clueweb12-0000tw-00-00080	America	<http://www.wikidata.org/entity/Q16824983>
clueweb12-0000tw-00-00080	Davroc Interiors	<http://www.wikidata.org/entity/Q11224850>
clueweb12-0000tw-00-00080	Graphic Design	<http://www.wikidata.org/entity/Q185925>
clueweb12-0000tw-00-00080	UX	<http://www.wikidata.org/entity/Q1047808>
clueweb12-0000tw-00-00080	AppZapper	<http://www.wikidata.org/entity/Q4780807>
clueweb12-0000tw-00-00080	Red Green Blue	<http://www.wikidata.org/entity/Q20189992>
clueweb12-0000tw-00-00081	Henneberry	<http://www.wikidata.org/entity/Q22616580>
clueweb12-0000tw-00-00081	Marketing Acme Manufacturing	<http://www.wikidata.org/entity/Q10399667>
clueweb12-0000tw-00-00081	Wordpress	<http://www.wikidata.org/entity/Q10853354>
clueweb12-0000tw-00-00082	Stansberry Research	<http://www.wikidata.org/entity/Q16028247>
clueweb12-0000tw-00-00082	Loud Sex Is a Billion Dollar Problem	<http://www.wikidata.org/entity/Q19801754>
clueweb12-0000tw-00-00082	Forbes	<http://www.wikidata.org/entity/Q20178976>
clueweb12-0000tw-00-00082	Why the Loud Sex Problem Is Costing You a Billion Dollars	<http://www.wikidata.org/entity/Q2397349>
clueweb12-0000tw-00-00082	Sweepstakes	<http://www.wikidata.org/entity/Q11495324>
clueweb12-0000tw-00-00082	Love Panky	<http://www.wikidata.org/entity/Q1342443>
clueweb12-0000tw-00-00082	Writing Seductive Offers	<http://www.wikidata.org/entity/Q21568544>
clueweb12-0000tw-00-00082	Men’s Health	<http://www.wikidata.org/entity/Q1665933>
clueweb12-0000tw-00-00082	Illinois	<http://www.wikidata.org/entity/Q1204>
clueweb12-0000tw-00-00082	U.S.	<http://www.wikidata.org/entity/Q13219504>
clueweb12-0000tw-00-00082	The Sexiest Way to Make	<http://www.wikidata.org/entity/Q16876304>
clueweb12-0000tw-00-00082	Financial Times	<http://www.wikidata.org/entity/Q1416223>
clueweb12-0000tw-00-00082	the Publishing Clearing House’s	<http://www.wikidata.org/entity/Q12796298>
clueweb12-0000tw-00-00082	Twitter	<http://www.wikidata.org/entity/Q248092>
clueweb12-0000tw-00-00082	Fortune	<http://www.wikidata.org/entity/Q28032174>
clueweb12-0000tw-00-00082	The Big Book of Sex	<http://www.wikidata.org/entity/Q4905176>
clueweb12-0000tw-00-00082	10 Idiot-Proof Ways to Generate Trust	<http://www.wikidata.org/entity/Q12981895>
clueweb12-0000tw-00-00083	Blogger	<http://www.wikidata.org/entity/Q171186>
clueweb12-0000tw-00-00083	RSS	<http://www.wikidata.org/entity/Q17065005>
clueweb12-0000tw-00-00083	WordPress	<http://www.wikidata.org/entity/Q10853354>
clueweb12-0000tw-00-00083	Wordpress	<http://www.wikidata.org/entity/Q10853354>
clueweb12-0000tw-00-00083	The Absolute Best Way to Start a Wordpress Blog	<http://www.wikidata.org/entity/Q13166>
clueweb12-0000tw-00-00083	Feedburner	<http://www.wikidata.org/entity/Q776845>
clueweb12-0000tw-00-00083	Import Posts	<http://www.wikidata.org/entity/Q25627219>
clueweb12-0000tw-00-00083	Simplescripts Installation	<http://www.wikidata.org/entity/Q1755019>
clueweb12-0000tw-00-00083	Permalink Fİnder	<http://www.wikidata.org/entity/Q1048975>
clueweb12-0000tw-00-00083	Install Themes	<http://www.wikidata.org/entity/Q17193790>
clueweb12-0000tw-00-00083	Orange County	<http://www.wikidata.org/entity/Q110472>
clueweb12-0000tw-00-00083	the DB -wp_posts & wp_postmeta-	<http://www.wikidata.org/entity/Q1201942>
clueweb12-0000tw-00-00083	Next	<http://www.wikidata.org/entity/Q1128660>
clueweb12-0000tw-00-00083	Picasa	<http://www.wikidata.org/entity/Q1047941>
clueweb12-0000tw-00-00083	Blue Host	<http://www.wikidata.org/entity/Q50476061>
clueweb12-0000tw-00-00083	PMA	<http://www.wikidata.org/entity/Q1471184>
clueweb12-0000tw-00-00084	Kindle Fire	<http://www.wikidata.org/entity/Q143298>
clueweb12-0000tw-00-00084	Amazon Mobile	<http://www.wikidata.org/entity/Q15089879>
clueweb12-0000tw-00-00084	the Amazon Mobile	<http://www.wikidata.org/entity/Q15089879>
clueweb12-0000tw-00-00084	Sanj Sahayam	<http://www.wikidata.org/entity/Q26157524>
clueweb12-0000tw-00-00084	CTA	<http://www.wikidata.org/entity/Q1588368>
clueweb12-0000tw-00-00084	Learn More	<http://www.wikidata.org/entity/Q33915902>
clueweb12-0000tw-00-00084	the Amazon Mobile Home Page	<http://www.wikidata.org/entity/Q11439>
clueweb12-0000tw-00-00084	Content Marketing Institute	<http://www.wikidata.org/entity/Q16000076>
clueweb12-0000tw-00-00084	Books, Kindle, Movies and Electronics	<http://www.wikidata.org/entity/Q1175229>
clueweb12-0000tw-00-00084	Amazon.com	<http://www.wikidata.org/entity/Q17669062>
clueweb12-0000tw-00-00084	Spoke Marketing 	<http://www.wikidata.org/entity/Q16530525>
clueweb12-0000tw-00-00084	Crazy Egg Design and Marketing Experts	<http://www.wikidata.org/entity/Q11194976>
clueweb12-0000tw-00-00084	Amazon	<http://www.wikidata.org/entity/Q15439204>
clueweb12-0000tw-00-00084	eCommerce	<http://www.wikidata.org/entity/Q12620655>
clueweb12-0000tw-00-00084	Mobile Homepage	<http://www.wikidata.org/entity/Q17656029>
clueweb12-0000tw-00-00084	the Kindle Fire	<http://www.wikidata.org/entity/Q143298>
clueweb12-0000tw-00-00084	Tiny & Mighty Media	<http://www.wikidata.org/entity/Q11091381>
clueweb12-0000tw-00-00084	Amazon Apps	<http://www.wikidata.org/entity/Q15439204>
clueweb12-0000tw-00-00084	See All Departments	<http://www.wikidata.org/entity/Q117665>
clueweb12-0000tw-00-00084	Search Engine Watch	<http://www.wikidata.org/entity/Q1138815>
clueweb12-0000tw-00-00085	Shiny Toy Robots	<http://www.wikidata.org/entity/Q15195986>
clueweb12-0000tw-00-00085	the Democratic Party	<http://www.wikidata.org/entity/Q63778777>
clueweb12-0000tw-00-00085	WordPress	<http://www.wikidata.org/entity/Q10853354>
clueweb12-0000tw-00-00085	Web Engineer	<http://www.wikidata.org/entity/Q11291339>
clueweb12-0000tw-00-00085	Iowa	<http://www.wikidata.org/entity/Q1538215>
clueweb12-0000tw-00-00085	Twitter	<http://www.wikidata.org/entity/Q248092>
clueweb12-0000tw-00-00085	New Hampshire	<http://www.wikidata.org/entity/Q15864015>
clueweb12-0000tw-00-00085	Republican	<http://www.wikidata.org/entity/Q228563>
clueweb12-0000tw-00-00085	GOP	<http://www.wikidata.org/entity/Q1537771>
clueweb12-0000tw-00-00085	Drupal	<http://www.wikidata.org/entity/Q13527030>
clueweb12-0000tw-00-00086	HootSuite	<http://www.wikidata.org/entity/Q2749075>
clueweb12-0000tw-00-00086	the Add Column	<http://www.wikidata.org/entity/Q1110974>
clueweb12-0000tw-00-00086	Twitter	<http://www.wikidata.org/entity/Q248092>
clueweb12-0000tw-00-00086	Save	<http://www.wikidata.org/entity/Q1075373>
clueweb12-0000tw-00-00086	Twitter	<http://www.wikidata.org/entity/Q248092>
clueweb12-0000tw-00-00086	Topsy Analytics	<http://www.wikidata.org/entity/Q1520935>
clueweb12-0000tw-00-00086	Twitter Anymore	<http://www.wikidata.org/entity/Q248092>
clueweb12-0000tw-00-00086	Search	<http://www.wikidata.org/entity/Q12581867>
clueweb12-0000tw-00-00086	TweetChat	<http://www.wikidata.org/entity/Q58612624>
clueweb12-0000tw-00-00086	the Top Products	<http://www.wikidata.org/entity/Q20455361>
clueweb12-0000tw-00-00086	Web Designers	<http://www.wikidata.org/entity/Q3129800>
clueweb12-0000tw-00-00086	UX	<http://www.wikidata.org/entity/Q1047808>
clueweb12-0000tw-00-00086	Twitter	<http://www.wikidata.org/entity/Q248092>
clueweb12-0000tw-00-00086	Tweetdeck	<http://www.wikidata.org/entity/Q931346>
clueweb12-0000tw-00-00086	Twitter.com	<http://www.wikidata.org/entity/Q56520198>
clueweb12-0000tw-00-00086	Google Analytics	<http://www.wikidata.org/entity/Q220577>
clueweb12-0000tw-00-00086	Google Docs	<http://www.wikidata.org/entity/Q22906574>
clueweb12-0000tw-00-00088	Continental	<http://www.wikidata.org/entity/Q1128840>
clueweb12-0000tw-00-00089	Continental	<http://www.wikidata.org/entity/Q1128840>
clueweb12-0000tw-00-00090	Ghost Adventures'	<http://www.wikidata.org/entity/Q11188935>
